Category;Item name;Price
0 UNISEXE;H001 T-shirt Léger Premium 155 gr;
0 UNISEXE;H001 T-shirt Léger Premium 155 gr;35.00
0 UNISEXE;H001 T-shirt Léger Premium 155 gr;35.00
0 UNISEXE;H001 T-shirt Léger Premium 155 gr;35.00
0 UNISEXE;H001 T-shirt Léger Premium 155 gr;35.00
0 UNISEXE;H001 T-shirt Léger Premium 155 gr;35.00
0 UNISEXE;H001 T-shirt Léger Premium 155 gr;35.00
0 UNISEXE;H001 T-shirt Léger Premium 155 gr;35.00
0 UNISEXE;H002 T-shirt 180 gr;39.00
0 UNISEXE;H003 T-shirt Oversize Premium 220gr;
0 UNISEXE;H003 T-shirt Oversize Premium 220gr;45.00
0 UNISEXE;H003 T-shirt Oversize Premium 220gr;45.00
0 UNISEXE;H003 T-shirt Oversize Premium 220gr;45.00
0 UNISEXE;H003 T-shirt Oversize Premium 220gr;45.00
0 UNISEXE;H003 T-shirt Oversize Premium 220gr;45.00
0 UNISEXE;H003 T-shirt Oversize Premium 220gr;45.00
0 UNISEXE;H003 T-shirt Oversize Premium 220gr;45.00
0 UNISEXE;H004 T-shirt Effet Sweat;
0 UNISEXE;H004 T-shirt Effet Sweat;49.00
0 UNISEXE;H004 T-shirt Effet Sweat;49.00
0 UNISEXE;H004 T-shirt Effet Sweat;49.00
0 UNISEXE;H004 T-shirt Effet Sweat;49.00
0 UNISEXE;H004 T-shirt Effet Sweat;49.00
0 UNISEXE;H004 T-shirt Effet Sweat;49.00
0 UNISEXE;H005 T-shirt Tye & Dye;
0 UNISEXE;H005 T-shirt Tye & Dye;39.00
0 UNISEXE;H005 T-shirt Tye & Dye;39.00
0 UNISEXE;H005 T-shirt Tye & Dye;39.00
0 UNISEXE;H006 T-shirt délavé;39.00
0 UNISEXE;H010 Débardeur;29.00
0 UNISEXE;H011 T-shirt Sans Manches 145gr;
0 UNISEXE;H011 T-shirt Sans Manches 145gr;29.00
0 UNISEXE;H011 T-shirt Sans Manches 145gr;29.00
0 UNISEXE;H011 T-shirt Sans Manches 145gr;29.00
0 UNISEXE;H011 T-shirt Sans Manches 145gr;29.00
0 UNISEXE;H011 T-shirt Sans Manches 145gr;29.00
0 UNISEXE;H012 T-Shirt Col V Léger 140g;35.00
0 UNISEXE;H014 T-shirt Classic;29.00
0 UNISEXE;H021 T-shirt Oversize d'Été 180gr;
0 UNISEXE;H021 T-shirt Oversize d'Été 180gr;39.00
0 UNISEXE;H021 T-shirt Oversize d'Été 180gr;39.00
0 UNISEXE;H021 T-shirt Oversize d'Été 180gr;39.00
0 UNISEXE;H021 T-shirt Oversize d'Été 180gr;39.00
0 UNISEXE;H021 T-shirt Oversize d'Été 180gr;39.00
0 UNISEXE;H021 T-shirt Oversize d'Été 180gr;39.00
0 UNISEXE;L001 Lycra anti UV 50+;49.00
01 FEMME;F001 Débardeur Crop Top;
01 FEMME;F002 Crop Top Classic;
01 FEMME;F003 T-shirt Léger Premium;35.00
01 FEMME;F004 T-shirt Oversize;39.00
01 FEMME;F006 T-shirt Léger Col V;39.00
01 FEMME;F012 T-shirt Léger à revers;39.00
01 FEMME;Lycra anti UV 50+;49.00
02 ENFANT;B001 Body Manches Longues;29.00
02 ENFANT;B002 Body Manches Courtes;29.00
02 ENFANT;E001 T-shirt Léger Premium;29.00
02 ENFANT;E003 T-shirt Classique;25.00
02 ENFANT;L002 Lycra Youth anti UV 50+;39.00
02 ENFANT;L003 Lycra Toddler anti UV 50+;35.00
2 FEMME;F001 Débardeur Crop Top;39.00
2 FEMME;F002 Crop Top Classic;39.00
3 FEMME;F001 Débardeur Crop Top;39.00
3 FEMME;F002 Crop Top Classic;39.00
4 FEMME;F001 Débardeur Crop Top;39.00
5 FEMME;F001 Débardeur Crop Top;39.00
6 FEMME;F001 Débardeur Crop Top;39.00
Accessoires;Bracelet;
Accessoires;Bracelet;19.00
Accessoires;Bracelet;15.00
Accessoires;Couteau Multi;
Accessoires;Couteau Multi;14.00
Accessoires;Couteau Multi;14.00
Accessoires;Déco Noël;9.00
Accessoires;Flasque Bois;
Accessoires;Flasque Bois;19.00
Accessoires;Flasque Bois;19.00
Accessoires;Grand Miroir Liège ;14.00
Accessoires;Identificateur Valise;
Accessoires;Identificateur Valise;9.00
Accessoires;Identificateur Valise;9.00
Accessoires;Limonadier Bois;12.00
Accessoires;Petit Miroir Liège;11.00
Accessoires;Pince à Billet;
Accessoires;Pince à Billet;8.00
Accessoires;Pince à Billet;8.00
Accessoires;Porte Sac;9.00
Accessoires;Serviette Rafraichissante;29.00
Accessoires;Support Mobile;
Accessoires;Support Mobile;12.00
Accessoires;Support Mobile;12.00
Accessoires;Veilleuse Lumineuse;
Accessoires;Veilleuse Lumineuse;49.00
Accessoires;Veilleuse Lumineuse;35.00
Art de la Table;Bouchon Bois;6.00
Art de la Table;Dessous Verre;
Art de la Table;Dessous Verre;4.50
Art de la Table;Dessous Verre;15.00
Art de la Table;Dessous Verre;19.00
Art de la Table;Dessous de plat Liège;14.00
Art de la Table;Plateau en Liège;29.00
Casquettes;Casquette Brodée;
Casquettes;Casquette Brodée;35.00
Casquettes;Casquette Brodée;35.00
Express;Le jour même (40%);
Express;Sous 24h (25%);
Goodies;Magnet;
Goodies;Magnet;7.00
Goodies;Magnet;5.00
Goodies;Magnet;9.00
Goodies;Magnet;7.00
Goodies;Porte-clés ;
Goodies;Porte-clés ;7.00
Goodies;Porte-clés ;5.00
Goodies;Porte-clés ;7.00
Goodies;Porte-clés ;9.00
Goodies;Sticker;4.00
Gourdes;Gourde 800 ml;
Gourdes;Gourde 800 ml;29.00
Gourdes;Gourde 800 ml;29.00
Gourdes;Gourde 800 ml;29.00
Jeux;Dominos;15.00
Jeux;Jeux de Cartes;15.00
Jeux;Mikado;15.00
Jeux;Morpion;15.00
Jeux;Raquette Bois;29.00
Jeux;Yoyo;15.00
Mug;Mug Iso 300 ml;
Mug;Mug Iso 300 ml;18.00
Mug;Mug Iso 300 ml;18.00
Mug;Mug Iso 350 ml Noir;22.00
Mug;Mug Iso avec anse 600 ml;
Mug;Mug Iso avec anse 600 ml;29.00
Mug;Mug Iso avec anse 600 ml;29.00
Mug;Mug Iso avec anse 600 ml;29.00
Offres Spéciales;Boite à bijoux en bois;9.00
Offres Spéciales;Cendrier Liège;8.00
Offres Spéciales;Décapsuleur Bois;6.00
Offres Spéciales;Porte Carte Liège;12.00
Offres Spéciales;Porte Monnaie Liège;9.00
Packs;Pack 3 + 1 Magnet Friendly Books;27.00
Packs;Pack 3 + 1 Magnet Plexi;15.00
Packs;Pack 3 + 1 Magnet classique;21.00
Packs;Pack 3 + 1 Porte-clés Classique;21.00
Packs;Pack 3 + 1 Porte-clés Plexiglass;15.00
Packs;Pack 3 + 1 Sticker;12.00
Packs;Pack 3 + 1 petite carte postale ;7.50
Papeterie;Affiche A3;
Papeterie;Affiche A4;39.00
Papeterie;Affiche A5;19.00
Papeterie;Affiche A6;12.00
Papeterie;Bloc Note Mini;5.00
Papeterie;Carte Postale;
Papeterie;Carte Postale;2.50
Papeterie;Carte Postale;4.00
Papeterie;Crayon papier bois;2.00
Papeterie;Grand Bloc Note A5;
Papeterie;Grand Bloc Note A6;19.00
Papeterie;Grand Bloc Note A7;19.00
Papeterie;Petit Bloc Note A6;
Papeterie;Petit Bloc Note A7;15.00
Papeterie;Petit Bloc Note A8;15.00
Papeterie;Stylo à bille en bois;5.00
Perso;Perso Classique;10.00
Perso;Perso simple;6.00
Perso;Reprise de logo simple;20.00
perso textile;Avec textiles OLDA;
perso textile;Avec textiles OLDA;10.00
perso textile;Avec textiles OLDA;15.00
perso textile;Avec textiles OLDA;25.00
perso textile;Avec textiles OLDA;5.00
perso textile;Avec textiles OLDA;5.00
perso textile;Reprise Logo;
perso textile;Reprise Logo;15.00
perso textile;Reprise Logo;20.00
perso textile;Sans textiles OLDA;
perso textile;Sans textiles OLDA;12.00
perso textile;Sans textiles OLDA;17.00
perso textile;Sans textiles OLDA;29.00
perso textile;Sans textiles OLDA;6.50
perso textile;Sans textiles OLDA;6.50
Planches;Petite planche à découper Aulne;19.00
Pochettes;P-001 Trousse;22.00
Pochettes;P-002 Pochette S;22.00
Pochettes;P-003 Pochette L;29.00
Pochettes;P-004 Pochette S;12.00
Pochettes;P-005 Pochette M;19.00
Pochettes;P-006 Pochette Vintage;24.00
Pochettes;P-007 Pochette S;18.00
Pochettes;P-008 Pochette M;22.00
Sacs;S 001 Sac cabas;39.00
Sacs;S 002 Sac de plage XL;49.00
Sacs;S 003 Sac Polochon;59.00
Sacs;S 004 Tote Bag Classic;14.00
Sous-traitance ;Armelle B;
Sous-traitance ;Armelle B;49.00
Sous-traitance ;Armelle B;69.00
Sous-traitance ;Armelle B;89.00
Sous-traitance ;Armelle B;6.00
Sous-traitance ;Armelle B;25.00
Sous-traitance ;Livres The Friendly Books;
Sous-traitance ;Livres The Friendly Books;59.00
Sous-traitance ;Livres The Friendly Books;39.00
Sous-traitance ;Livres The Friendly Books;59.00
Sous-traitance ;Livres The Friendly Books;39.00
Tableaux;Tableau Black;
Tableaux;Tableau Black;39.00
Tableaux;Tableau Black;59.00
Tasses;Bol Animaux;
Tasses;Bol Animaux;18.00
Tasses;Bol Animaux;18.00
Tasses;Bol Animaux;18.00
Tasses;Bol Animaux;18.00
Tasses;Bol Animaux;18.00
Tasses;Tasse Bois;22.00
Tasses;Tasse Céramique 350 ml;
Tasses;Tasse Céramique 350 ml;16.00
Tasses;Tasse Céramique 350 ml;16.00
Tasses;Tasse Céramique 350 ml;16.00
Tasses;Tasse Céramique 350 ml;16.00
Tasses;Tasse Céramique 350 ml;16.00
Tasses;Tasse Céramique 350 ml;16.00
Tasses;Tasse Céramique 350 ml;16.00
Tasses;Tasse Céramique 350 ml;16.00
Tasses;Tasse Céramique 350 ml;16.00
Tasses;Tasse Céramique 350 ml;16.00
Tasses;Tasse Céramique 350 ml;16.00
Tasses;Tasse Céramique 350 ml;16.00
Tasses;Tasse Céramique 350 ml;16.00
Tasses;Tasse Céramique 350 ml;16.00
Tasses;Tasse Céramique 350 ml;16.00
Tasses;Tasse Céramique 350 ml;16.00
Tasses;Tasse Céramique 350 ml;16.00
Tasses;Tasse Discount;
Tasses;Tasse Discount;10.00
Tasses;Tasse Discount;10.00
Tasses;Tasse Expresso 180 ml;
Tasses;Tasse Expresso 180 ml;14.00
Tasses;Tasse Expresso 180 ml;14.00
Tasses;Tasse Expresso 180 ml;14.00
Tasses;Tasse Expresso 180 ml;14.00
Tasses;Tasse Fuck;18.00
Tasses;Tasse Métal;
Tasses;Tasse Métal;15.00
Tasses;Tasse Métal;15.00
Tasses;Tasse Métal;15.00
Tasses;Tasse Métal;15.00
Verre;Shooter;
Verre;Shooter;9.00
Verre;Shooter;9.00
Verre;Verre à Champagne;19.00
Verre;Verre à Digestif;19.00
Verre;Verre à Ti Punch;
Verre;Verre à Ti Punch;12.00
Verre;Verre à Ti Punch;14.00
Verre;Verre à Vin;19.00
